<BackupInst xmlns="http://www.microsoft.com/GroupPolicy/GPOOperations/Manifest"><GPOGuid><![CDATA[{01D5D82E-7054-474E-AD87-D291AB212E32}]]></GPOGuid><GPODomain><![CDATA[Prod.SysAdmins.Dk]]></GPODomain><GPODomainGuid><![CDATA[{5dcded11-b7aa-4b20-affe-eb5dd09bf10e}]]></GPODomainGuid><GPODomainController><![CDATA[ADDC-01.Prod.SysAdmins.Dk]]></GPODomainController><BackupTime><![CDATA[2023-06-27T08:57:56]]></BackupTime><ID><![CDATA[{05E14B9B-FDE4-4F7A-863B-3ECD629A2BE1}]]></ID><Comment><![CDATA[]]></Comment><GPODisplayName><![CDATA[Admin - Legacy LAPS Settings]]></GPODisplayName></BackupInst>
