<BackupInst xmlns="http://www.microsoft.com/GroupPolicy/GPOOperations/Manifest"><GPOGuid><![CDATA[{F21308F8-BD37-43B0-A290-044A04E374ED}]]></GPOGuid><GPODomain><![CDATA[Prod.SysAdmins.Dk]]></GPODomain><GPODomainGuid><![CDATA[{5dcded11-b7aa-4b20-affe-eb5dd09bf10e}]]></GPODomainGuid><GPODomainController><![CDATA[ADDC-01.Prod.SysAdmins.Dk]]></GPODomainController><BackupTime><![CDATA[2023-06-28T07:45:52]]></BackupTime><ID><![CDATA[{EB56A136-22A3-4CA9-B6A8-100420E4D793}]]></ID><Comment><![CDATA[]]></Comment><GPODisplayName><![CDATA[Admin - Manage LAPS Version]]></GPODisplayName></BackupInst>
