<Backups xmlns="http://www.microsoft.com/GroupPolicy/GPOOperations/Manifest" xmlns:mfst="http://www.microsoft.com/GroupPolicy/GPOOperations/Manifest" mfst:version="1.0"><BackupInst><GPOGuid><![CDATA[{6BD77A24-1FF2-4829-B471-9BB2515EAADE}]]></GPOGuid><GPODomain><![CDATA[Prod.SysAdmins.Dk]]></GPODomain><GPODomainGuid><![CDATA[{5dcded11-b7aa-4b20-affe-eb5dd09bf10e}]]></GPODomainGuid><GPODomainController><![CDATA[ADDC-01.Prod.SysAdmins.Dk]]></GPODomainController><BackupTime><![CDATA[2023-06-27T08:58:24]]></BackupTime><ID><![CDATA[{E452CB90-AF98-41EA-B419-286F20ED8A91}]]></ID><Comment><![CDATA[]]></Comment><GPODisplayName><![CDATA[Admin - Windows LAPS Settings]]></GPODisplayName></BackupInst></Backups>