<Backups xmlns="http://www.microsoft.com/GroupPolicy/GPOOperations/Manifest" xmlns:mfst="http://www.microsoft.com/GroupPolicy/GPOOperations/Manifest" mfst:version="1.0"><BackupInst xmlns="http://www.microsoft.com/GroupPolicy/GPOOperations/Manifest"><GPOGuid><![CDATA[{0932511B-4664-4024-85F2-39FD1BE1A84A}]]></GPOGuid><GPODomain><![CDATA[Prod.SysAdmins.Dk]]></GPODomain><GPODomainGuid><![CDATA[{5dcded11-b7aa-4b20-affe-eb5dd09bf10e}]]></GPODomainGuid><GPODomainController><![CDATA[ADDC-01.Prod.SysAdmins.Dk]]></GPODomainController><BackupTime><![CDATA[2023-06-28T09:07:26]]></BackupTime><ID><![CDATA[{DDF11159-383E-4030-9EE0-8ECCB0DF0887}]]></ID><Comment><![CDATA[]]></Comment><GPODisplayName><![CDATA[MyDomain - Windows LAPS Settings (Azure Active Directory)]]></GPODisplayName></BackupInst></Backups>