<?xml version="1.0" encoding="utf-8"?><!-- Copyright (c) Microsoft Corporation.  All rights reserved. --><GroupPolicyBackupScheme bkp:version="2.0" bkp:type="GroupPolicyBackupTemplate" xmlns:bkp="http://www.microsoft.com/GroupPolicy/GPOOperations" xmlns="http://www.microsoft.com/GroupPolicy/GPOOperations">
    <GroupPolicyObject><SecurityGroups><Group bkp:Source="FromDACL"><Sid><![CDATA[S-1-5-21-1415645012-235708542-1198607097-519]]></Sid><SamAccountName><![CDATA[Enterprise Admins]]></SamAccountName><Type><![CDATA[UniversalGroup]]></Type><NetBIOSDomainName><![CDATA[AD]]></NetBIOSDomainName><DnsDomainName><![CDATA[ad.domain.tld]]></DnsDomainName><UPN><![CDATA[Enterprise Admins@ad.domain.tld]]></UPN></Group><Group bkp:Source="FromDACL"><Sid><![CDATA[S-1-5-21-1415645012-235708542-1198607097-512]]></Sid><SamAccountName><![CDATA[Domain Admins]]></SamAccountName><Type><![CDATA[GlobalGroup]]></Type><NetBIOSDomainName><![CDATA[AD]]></NetBIOSDomainName><DnsDomainName><![CDATA[ad.domain.tld]]></DnsDomainName><UPN><![CDATA[Domain Admins@ad.domain.tld]]></UPN></Group></SecurityGroups><FilePaths/><GroupPolicyCoreSettings><ID><![CDATA[{6BD77A24-1FF2-4829-B471-9BB2515EAADE}]]></ID><Domain><![CDATA[ad.domain.tld]]></Domain><SecurityDescriptor>01 00 04 9c 00 00 00 00 00 00 00 00 00 00 00 00 14 00 00 00 04 00 ec 00 08 00 00 00 05 02 28 00 00 01 00 00 01 00 00 00 8f fd ac ed b3 ff d1 11 b4 1d 00 a0 c9 68 f9 39 01 01 00 00 00 00 00 05 0b 00 00 00 00 00 24 00 ff 00 0f 00 01 05 00 00 00 00 00 05 15 00 00 00 54 07 61 54 7e a0 0c 0e f9 4a 71 47 00 02 00 00 00 02 24 00 ff 00 0f 00 01 05 00 00 00 00 00 05 15 00 00 00 54 07 61 54 7e a0 0c 0e f9 4a 71 47 00 02 00 00 00 02 24 00 ff 00 0f 00 01 05 00 00 00 00 00 05 15 00 00 00 54 07 61 54 7e a0 0c 0e f9 4a 71 47 07 02 00 00 00 02 14 00 94 00 02 00 01 01 00 00 00 00 00 05 09 00 00 00 00 02 14 00 94 00 02 00 01 01 00 00 00 00 00 05 0b 00 00 00 00 02 14 00 ff 00 0f 00 01 01 00 00 00 00 00 05 12 00 00 00 00 0a 14 00 ff 00 0f 00 01 01 00 00 00 00 00 03 00 00 00 00</SecurityDescriptor><DisplayName><![CDATA[Domain - Windows LAPS Settings (Active Directory)]]></DisplayName><Options><![CDATA[1]]></Options><UserVersionNumber><![CDATA[65537]]></UserVersionNumber><MachineVersionNumber><![CDATA[65537]]></MachineVersionNumber><MachineExtensionGuids><![CDATA[[{35378EAC-683F-11D2-A89A-00C04FBBCFA2}{D02B1F72-3407-48AE-BA88-E8213C6761F1}]]]></MachineExtensionGuids><UserExtensionGuids/><WMIFilter><![CDATA[MSFT_SomFilter.ID="{BF3A3F1F-4119-4366-A524-261D6BE403EA}",Domain="ad.domain.tld"]]></WMIFilter><WMIFilterName><![CDATA[Windows LAPS]]></WMIFilterName></GroupPolicyCoreSettings> 
        <GroupPolicyExtension bkp:ID="{35378EAC-683F-11D2-A89A-00C04FBBCFA2}" bkp:DescName="Registry">
            <FSObjectFile bkp:Path="%GPO_MACH_FSPATH%\registry.pol" bkp:SourceExpandedPath="\\dc.ad.domain.tld\sysvol\ad.domain.tld\Policies\{6BD77A24-1FF2-4829-B471-9BB2515EAADE}\Machine\registry.pol" bkp:Location="DomainSysvol\GPO\Machine\registry.pol"/>
            
            <FSObjectFile bkp:Path="%GPO_FSPATH%\Adm\*.*" bkp:SourceExpandedPath="\\dc.ad.domain.tld\sysvol\ad.domain.tld\Policies\{6BD77A24-1FF2-4829-B471-9BB2515EAADE}\Adm\*.*"/>
        </GroupPolicyExtension>
        
        
        
        
        
        
        
        
        
    <GroupPolicyExtension bkp:ID="{F15C46CD-82A0-4C2D-A210-5D0D3182A418}" bkp:DescName="Unknown Extension"><FSObjectFile bkp:Path="%GPO_MACH_FSPATH%\comment.cmtx" bkp:SourceExpandedPath="\\dc.ad.domain.tld\sysvol\ad.domain.tld\Policies\{6BD77A24-1FF2-4829-B471-9BB2515EAADE}\Machine\comment.cmtx" bkp:Location="DomainSysvol\GPO\Machine\comment.cmtx"/><FSObjectDir bkp:Path="%GPO_MACH_FSPATH%\Scripts" bkp:SourceExpandedPath="\\dc.ad.domain.tld\sysvol\ad.domain.tld\Policies\{6BD77A24-1FF2-4829-B471-9BB2515EAADE}\Machine\Scripts" bkp:Location="DomainSysvol\GPO\Machine\Scripts"/><FSObjectDir bkp:Path="%GPO_MACH_FSPATH%\Scripts\Shutdown" bkp:SourceExpandedPath="\\dc.ad.domain.tld\sysvol\ad.domain.tld\Policies\{6BD77A24-1FF2-4829-B471-9BB2515EAADE}\Machine\Scripts\Shutdown" bkp:Location="DomainSysvol\GPO\Machine\Scripts\Shutdown"/><FSObjectDir bkp:Path="%GPO_MACH_FSPATH%\Scripts\Startup" bkp:SourceExpandedPath="\\dc.ad.domain.tld\sysvol\ad.domain.tld\Policies\{6BD77A24-1FF2-4829-B471-9BB2515EAADE}\Machine\Scripts\Startup" bkp:Location="DomainSysvol\GPO\Machine\Scripts\Startup"/></GroupPolicyExtension></GroupPolicyObject>
</GroupPolicyBackupScheme>